{"0":{"AmericaHomeShield":0.0,"BordGais":0.0,"BritishGas":0.0042979943,"Centrica":0.0343118567,"shell":0.2682926829},"1":{"AmericaHomeShield":0.0,"BordGais":0.0,"BritishGas":0.0,"Centrica":0.0892108273,"shell":0.0},"10":{"AmericaHomeShield":0.0,"BordGais":0.0636515913,"BritishGas":0.0,"Centrica":0.0392680137,"shell":0.0509977827},"11":{"AmericaHomeShield":0.0,"BordGais":0.0067001675,"BritishGas":0.2449856734,"Centrica":0.0655737705,"shell":0.0243902439},"12":{"AmericaHomeShield":0.0,"BordGais":0.0,"BritishGas":0.0,"Centrica":0.0213495997,"shell":0.0},"13":{"AmericaHomeShield":0.0,"BordGais":0.2613065327,"BritishGas":0.0200573066,"Centrica":0.1033168128,"shell":0.088691796},"14":{"AmericaHomeShield":0.0,"BordGais":0.0251256281,"BritishGas":0.2779369628,"Centrica":0.0190621426,"shell":0.0},"15":{"AmericaHomeShield":0.0,"BordGais":0.0385259631,"BritishGas":0.0687679083,"Centrica":0.1303850553,"shell":0.1175166297},"16":{"AmericaHomeShield":0.0,"BordGais":0.0971524288,"BritishGas":0.0,"Centrica":0.0518490278,"shell":0.0},"17":{"AmericaHomeShield":0.0,"BordGais":0.0,"BritishGas":0.0,"Centrica":0.0221120854,"shell":0.0},"18":{"AmericaHomeShield":0.0,"BordGais":0.0,"BritishGas":0.0014326648,"Centrica":0.0068623713,"shell":0.0},"19":{"AmericaHomeShield":0.0,"BordGais":0.0,"BritishGas":0.0,"Centrica":0.0346930995,"shell":0.0},"2":{"AmericaHomeShield":0.0,"BordGais":0.0016750419,"BritishGas":0.2106017192,"Centrica":0.0331681281,"shell":0.0},"3":{"AmericaHomeShield":0.0,"BordGais":0.0720268007,"BritishGas":0.0401146132,"Centrica":0.1231414411,"shell":0.0820399113},"4":{"AmericaHomeShield":0.0,"BordGais":0.02680067,"BritishGas":0.1289398281,"Centrica":0.1155165841,"shell":0.1618625277},"5":{"AmericaHomeShield":0.0,"BordGais":0.0,"BritishGas":0.0,"Centrica":0.0175371712,"shell":0.0},"6":{"AmericaHomeShield":0.0,"BordGais":0.0016750419,"BritishGas":0.0014326648,"Centrica":0.0141059855,"shell":0.0044345898},"7":{"AmericaHomeShield":1.0,"BordGais":0.0,"BritishGas":0.0014326648,"Centrica":0.0011437286,"shell":0.1529933481},"8":{"AmericaHomeShield":0.0,"BordGais":0.2127303183,"BritishGas":0.0,"Centrica":0.0049561571,"shell":0.0},"9":{"AmericaHomeShield":0.0,"BordGais":0.1926298157,"BritishGas":0.0,"Centrica":0.0724361418,"shell":0.0487804878}}